day_of_week,days,avg_occupancy,avg_vehicles
Monday,52,1.0115384585582292,10110.1731
Tuesday,52,0.8963461609987112,8964.8269
Wednesday,53,0.9260377366587801,9256.6038
Thursday,52,1.0234615321342762,10229.4423
Friday,52,1.280576929450035,12805.7885
Saturday,52,1.8861538401016822,18862.6731
Sunday,52,1.8636538569743817,18635.3846
